,City,Country,Lat,Lng,Max Temp,Humidity,Cloudiness,Wind Speed,Current Description
0,Busselton,AU,-33.65,115.3333,66.99,81,87,5.01,overcast clouds
1,Diamantino,BR,-14.4086,-56.4461,92.34,50,96,2.55,overcast clouds
2,Jamestown,US,42.097,-79.2353,34.0,64,90,8.05,overcast clouds
3,Lakki Marwat,PK,32.6079,70.9114,52.12,42,0,3.29,clear sky
4,Ostersund,SE,63.1792,14.6357,19.4,86,100,14.97,overcast clouds
5,Tasiilaq,GL,65.6145,-37.6368,15.8,48,20,1.14,few clouds
6,Grand Gaube,MU,-20.0064,57.6608,79.0,84,0,3.0,clear sky
7,Cape Town,ZA,-33.9258,18.4232,72.0,68,20,14.97,few clouds
8,Juneau,US,58.3019,-134.4197,41.0,56,90,17.27,overcast clouds
9,Barrow,US,71.2906,-156.7887,-0.4,71,90,4.61,overcast clouds
10,Shelburne,CA,44.0787,-80.2041,33.8,51,1,5.75,clear sky
11,Hobart,AU,-42.8794,147.3294,55.4,88,90,3.44,overcast clouds
12,San Jose,US,37.3394,-121.895,57.0,44,40,4.85,scattered clouds
13,Ancud,CL,-41.8697,-73.8203,59.0,87,75,13.8,light rain
14,Puerto Ayora,EC,-0.7393,-90.3518,84.2,58,0,14.97,clear sky
15,Antalaha,MG,-14.9003,50.2788,76.44,84,5,3.91,light rain
16,Bredasdorp,ZA,-34.5322,20.0403,69.8,64,4,12.66,clear sky
17,Talnakh,RU,69.4865,88.3972,-25.37,84,41,0.34,scattered clouds
18,Faanui,PF,-16.4833,-151.75,81.07,71,5,13.02,clear sky
19,Fortuna,US,40.5982,-124.1573,53.01,81,1,6.91,clear sky
20,Souillac,MU,-20.5167,57.5167,78.8,94,75,11.5,light rain
21,Rikitea,PF,-23.1203,-134.9692,77.94,76,100,12.91,overcast clouds
22,Aksarka,RU,66.5606,67.7975,-10.77,90,100,13.27,overcast clouds
23,Mae Sot,TH,16.7167,98.5667,63.77,70,25,2.3,scattered clouds
24,Dicabisagan,PH,17.0818,122.4157,69.62,84,100,12.5,overcast clouds
25,Tornio,FI,65.8481,24.1466,14.0,92,100,6.91,light snow
26,Haines Junction,CA,60.7522,-137.5108,21.2,86,100,1.14,overcast clouds
27,Kahului,US,20.8947,-156.47,71.6,68,75,6.91,broken clouds
28,Matagami,CA,49.7502,-77.6328,21.2,100,90,9.22,overcast clouds
29,Linguere,SN,15.3953,-15.1193,87.8,37,0,9.22,clear sky
30,Saldanha,ZA,-33.0117,17.9442,68.0,68,0,14.97,clear sky
31,Turukhansk,RU,65.8167,87.9833,-9.54,90,98,2.86,overcast clouds
32,Cidreira,BR,-30.1811,-50.2056,81.07,66,0,12.97,clear sky
33,Mocuba,MZ,-16.8392,36.9856,77.2,82,100,3.56,overcast clouds
34,Hithadhoo,MV,-0.6,73.0833,80.92,76,100,11.05,overcast clouds
35,Nikolskoye,RU,59.7035,30.7861,8.01,85,0,6.71,clear sky
36,Najran,SA,17.4924,44.1277,55.4,41,0,1.52,clear sky
37,Saint-Pierre,RE,-21.3393,55.4781,78.8,89,75,18.41,broken clouds
38,Karratha,AU,-20.7377,116.8463,91.24,40,5,10.74,clear sky
39,Hermanus,ZA,-34.4187,19.2345,66.0,81,40,7.78,scattered clouds
40,Yarada,IN,17.65,83.2667,69.8,94,0,2.3,mist
41,Lincoln,US,40.8,-96.667,30.99,80,90,5.35,overcast clouds
42,Genhe,CN,50.7833,121.5167,-16.78,86,100,3.04,light snow
43,Mataura,NZ,-46.1927,168.8643,52.0,91,56,1.99,broken clouds
44,Vaini,TO,-21.2,-175.2,80.6,89,75,4.61,broken clouds
45,Punta Arenas,CL,-53.15,-70.9167,53.6,58,75,9.22,light rain
46,Butaritari,KI,3.0707,172.7902,81.48,80,93,20.83,light rain
47,Cherskiy,RU,68.75,161.3,-29.97,85,53,2.33,broken clouds
48,Lebu,CL,-37.6167,-73.65,60.49,59,0,9.06,clear sky
49,Sao Filipe,CV,14.8961,-24.4956,73.4,74,3,18.72,clear sky
50,Bluff,NZ,-46.6,168.3333,52.0,91,100,1.99,overcast clouds
51,Carnarvon,AU,-24.8667,113.6333,80.6,74,48,13.8,scattered clouds
52,Arraial Do Cabo,BR,-22.9661,-42.0278,84.2,89,40,8.05,scattered clouds
53,Georgetown,MY,5.4112,100.3354,80.6,78,20,5.75,few clouds
54,Clyde River,CA,70.4692,-68.5914,1.4,78,75,8.05,broken clouds
55,Dengzhou,CN,37.8086,120.7508,28.92,85,41,20.09,scattered clouds
56,Yellowknife,CA,62.456,-114.3525,10.4,85,75,6.91,broken clouds
57,Hobyo,SO,5.3505,48.5268,75.83,68,0,23.04,clear sky
58,Bethel,US,41.3712,-73.414,30.99,51,20,16.11,few clouds
59,Touros,BR,-5.1989,-35.4608,84.2,61,40,18.41,scattered clouds
60,Bryan,US,30.6744,-96.37,52.0,53,1,8.05,clear sky
61,Thompson,CA,55.7435,-97.8558,1.4,92,75,5.75,broken clouds
62,Torbay,CA,47.6666,-52.7314,36.0,86,90,19.57,overcast clouds
63,North Bend,US,43.4065,-124.2243,50.0,81,1,8.05,clear sky
64,Kodiak,US,57.79,-152.4072,33.8,86,90,12.66,snow
65,Kano,NG,12.0001,8.5167,78.8,31,0,6.91,clear sky
66,Port Elizabeth,ZA,-33.918,25.5701,71.6,88,40,17.27,light rain
67,Rundu,NA,-17.9333,19.7667,74.66,74,55,1.1,light rain
68,Khatanga,RU,71.9667,102.5,-29.22,86,95,2.08,overcast clouds
69,Vagur,FO,61.4732,-6.8119,34.32,82,53,26.53,broken clouds
70,Vangaindrano,MG,-23.35,47.6,75.34,88,13,4.59,light rain
71,Bagdarin,RU,54.4333,113.6,-9.51,82,100,4.41,overcast clouds
72,Port Moresby,PG,-9.4431,147.1797,77.0,88,90,3.44,moderate rain
73,Albany,US,42.6001,-73.9662,30.99,53,100,1.99,overcast clouds
74,Kenai,US,60.5544,-151.2583,30.99,86,90,6.91,overcast clouds
75,Vestmanna,FO,62.1564,-7.1664,35.6,60,40,27.63,light rain
76,Uchiza,PE,-8.4592,-76.4633,87.35,50,14,2.8,light rain
77,Tuktoyaktuk,CA,69.4541,-133.0374,6.8,85,75,9.22,broken clouds
78,Piranhas,BR,-16.4269,-51.8222,93.15,43,98,3.44,overcast clouds
79,Kemin,KG,42.7846,75.6892,21.43,67,0,9.95,clear sky
80,Tuy Hoa,VN,13.0833,109.3,70.25,86,91,12.41,light rain
81,Lamar,US,33.6668,-95.5836,45.0,52,1,3.44,clear sky
82,Saint-Francois,FR,46.4154,3.9054,34.0,74,0,8.05,clear sky
83,Hofn,IS,64.2539,-15.2082,20.14,81,0,11.88,clear sky
84,Klyuchi,RU,52.2667,79.1667,1.4,88,100,13.2,overcast clouds
85,Ushuaia,AR,-54.8,-68.3,60.8,31,40,5.75,light rain
86,Smoky Lake,CA,54.1169,-112.4686,8.6,92,0,1.14,clear sky
87,Mrakovo,RU,52.7161,56.6244,21.85,97,100,5.53,snow
88,Victor Harbor,AU,-35.5667,138.6167,71.01,51,50,3.67,scattered clouds
89,Nantucket,US,41.2835,-70.0995,34.0,80,90,17.27,overcast clouds
90,Manta,EC,-0.95,-80.7333,80.6,78,20,10.36,light rain
91,Dauphin,CA,51.1494,-100.0502,28.63,93,100,9.86,overcast clouds
92,Qaqortoq,GL,60.7167,-46.0333,41.0,38,75,23.02,light snow
93,Yumen,CN,40.2833,97.2,10.65,72,16,26.71,few clouds
94,Bambous Virieux,MU,-20.3428,57.7575,79.0,94,75,11.5,light rain
95,Qaanaaq,GL,77.484,-69.3632,-1.37,77,3,4.72,clear sky
96,Zima,RU,53.9202,102.0442,-6.57,89,100,2.64,overcast clouds
97,Santa Rosa,PH,14.3122,121.1114,77.0,73,75,1.14,broken clouds
98,Nampa,US,43.5407,-116.5635,34.0,100,90,4.29,overcast clouds
99,Castro,BR,-24.7911,-50.0119,74.95,86,95,6.24,overcast clouds
100,Atuona,PF,-9.8,-139.0333,78.08,74,98,18.99,overcast clouds
101,Hirara,JP,24.8,125.2833,58.82,66,100,21.5,overcast clouds
102,Tessalit,ML,20.1986,1.0114,77.7,16,0,5.97,clear sky
103,Vaike-Maarja,EE,59.1264,26.25,12.49,97,91,2.17,overcast clouds
104,Tazovskiy,RU,67.4667,78.7,-14.69,89,71,10.85,broken clouds
105,Kapaa,US,22.0752,-159.319,68.0,88,90,8.05,overcast clouds
106,Carrascal,PH,9.3703,125.9492,77.5,82,100,3.76,overcast clouds
107,Pangnirtung,CA,66.1451,-65.7125,6.8,56,90,0.65,overcast clouds
108,Emporia,US,38.4039,-96.1817,32.0,80,90,3.44,haze
109,Bahraich,IN,27.5833,81.6,57.99,64,3,7.0,clear sky
110,Avarua,CK,-21.2078,-159.775,78.8,83,20,4.61,few clouds
111,Sidi Ali,DZ,36.0998,0.4206,51.19,80,100,7.25,overcast clouds
112,Camacha,PT,33.0833,-16.3333,57.2,54,40,24.16,scattered clouds
113,Vyshneve,UA,50.3891,30.3705,33.01,93,90,11.18,light snow
114,Chara,RU,56.9064,118.2631,-12.8,75,91,3.74,overcast clouds
115,Tuatapere,NZ,-46.1333,167.6833,52.0,91,100,1.99,overcast clouds
116,Faya,SA,18.3851,42.4509,55.4,87,0,2.77,clear sky
117,Brownsville,US,25.9018,-97.4975,64.4,63,90,12.66,light rain
118,Baculin,PH,7.4525,126.5842,77.95,76,1,4.9,light rain
119,Tura,IN,25.5198,90.2201,61.79,51,100,2.89,overcast clouds
120,Barguzin,RU,53.6167,109.6167,1.06,84,100,2.06,overcast clouds
121,Kapit,MY,2.0167,112.9333,74.32,94,100,0.83,light rain
122,Jodhpur,IN,26.2867,73.03,57.4,43,0,11.41,clear sky
123,Srednekolymsk,RU,67.45,153.6833,-29.04,83,69,4.68,broken clouds
124,Dawei,MM,14.0833,98.2,69.33,65,0,4.97,clear sky
125,Sobolevo,RU,54.4299,31.8996,17.78,97,100,6.91,snow
126,Kaitangata,NZ,-46.2817,169.8464,53.01,87,18,4.0,few clouds
127,Nanortalik,GL,60.1432,-45.2371,31.19,93,98,7.99,overcast clouds
128,Wawa,NG,9.9022,4.4192,83.59,17,0,1.05,clear sky
129,Uglegorsk,RU,49.0833,142.0333,-1.34,91,100,8.23,overcast clouds
130,Dingle,PH,10.9995,122.6711,74.28,92,100,14.25,overcast clouds
131,Saint George,US,37.1041,-113.5841,52.0,32,1,9.22,clear sky
132,New Norfolk,AU,-42.7826,147.0587,55.0,69,22,2.28,few clouds
133,Manggar,ID,-2.8833,108.2667,79.29,83,97,12.75,overcast clouds
134,Sola,VU,-13.8833,167.55,75.2,100,40,3.38,light rain
135,Miranda,CO,3.2499,-76.2281,84.2,54,75,4.61,light rain
136,Kanker,IN,20.2719,81.4931,66.13,37,0,4.5,clear sky
137,East London,ZA,-33.0153,27.9116,77.0,69,0,17.27,clear sky
138,Zolotukhino,RU,52.0842,36.3772,30.2,86,90,13.42,overcast clouds
139,Ponta Do Sol,PT,32.6667,-17.1,53.01,73,62,3.0,broken clouds
140,Vardo,NO,70.3705,31.1107,22.33,93,100,14.27,overcast clouds
141,Paamiut,GL,61.994,-49.6678,30.02,98,100,3.94,light snow
142,Belaya Gora,RU,68.5333,146.4167,-18.74,88,100,3.83,overcast clouds
143,Honningsvag,NO,70.9821,25.9704,23.07,93,4,25.41,clear sky
144,Iskateley,RU,67.6803,53.1512,-5.73,90,0,5.95,clear sky
145,Narsaq,GL,60.9167,-46.05,41.0,38,75,23.02,broken clouds
146,Calbuco,CL,-41.768,-73.1273,59.0,77,90,12.66,light rain
147,Port Alfred,ZA,-33.5906,26.891,73.99,90,65,5.99,broken clouds
148,Valleyview,CA,55.0667,-117.2859,12.2,79,4,12.66,clear sky
149,Dapaong,TG,10.8639,0.205,80.65,17,57,2.95,broken clouds
150,Lavrentiya,RU,65.5833,-171.0,-12.62,85,0,4.09,clear sky
151,Aripuana,BR,-9.1667,-60.6333,95.31,41,76,1.41,broken clouds
152,Upernavik,GL,72.7868,-56.1549,10.33,82,0,10.92,clear sky
153,Mujiayingzi,CN,42.1167,118.7833,-4.49,82,0,7.25,clear sky
154,Katsuura,JP,35.1333,140.3,32.0,55,0,5.75,clear sky
155,Sao Joao Da Barra,BR,-21.6403,-41.0511,86.0,66,20,16.11,few clouds
156,Lorengau,PG,-2.0226,147.2712,81.43,69,100,3.91,overcast clouds
157,Zhangjiakou,CN,40.81,114.8794,5.68,80,1,8.5,clear sky
158,Tiksi,RU,71.6872,128.8694,-18.24,88,100,7.99,overcast clouds
159,Saint-Philippe,RE,-21.3585,55.7679,78.8,89,75,18.41,light rain
160,Vila Velha,BR,-20.3297,-40.2925,89.01,70,20,19.57,light rain
161,Esperance,AU,-33.8667,121.9,77.0,41,100,16.11,overcast clouds
162,Saskylakh,RU,71.9167,114.0833,-20.72,86,100,10.71,overcast clouds
163,Bonavista,CA,48.6499,-53.1147,36.0,93,100,9.22,light rain
164,Taybad,IR,34.74,60.7756,34.43,64,0,1.23,clear sky
165,Airai,TL,-8.9266,125.4092,62.13,100,100,0.2,overcast clouds
166,Kavieng,PG,-2.5744,150.7967,81.84,76,97,9.84,overcast clouds
167,Omsukchan,RU,62.5333,155.8,-24.47,83,91,4.18,overcast clouds
168,Klaksvik,FO,62.2266,-6.589,35.6,60,40,27.63,light rain
169,Matara,LK,5.9485,80.5353,74.61,91,100,5.17,heavy intensity rain
170,Kudahuvadhoo,MV,2.6708,72.8944,81.46,77,100,9.82,light rain
171,Ribeira Grande,PT,38.5167,-28.7,59.0,58,75,14.97,broken clouds
172,San Quintin,MX,30.4833,-115.95,63.75,54,0,7.81,clear sky
173,Cabo San Lucas,MX,22.8909,-109.9124,75.0,46,1,9.22,clear sky
174,Broken Hill,AU,-31.95,141.4333,73.4,28,0,10.36,clear sky
175,Cabra,ES,37.4725,-4.4421,39.99,75,0,2.13,clear sky
176,Beringovskiy,RU,63.05,179.3167,-18.02,85,100,11.39,overcast clouds
177,Derzhavinsk,KZ,51.1,66.3167,7.56,90,100,18.01,overcast clouds
178,Natchez,US,31.5604,-91.4032,44.6,49,1,8.05,clear sky
179,Bengkulu,ID,-3.8004,102.2655,75.27,87,100,5.1,moderate rain
180,Petropavlovsk-Kamchatskiy,RU,53.0452,158.6483,-0.4,78,34,2.24,scattered clouds
181,Roald,NO,62.5833,6.1333,34.0,100,90,14.97,snow
182,Codrington,AU,-38.2667,141.9667,55.45,82,0,6.53,clear sky
183,Onega,RU,63.9061,38.1404,-7.85,91,96,2.3,overcast clouds
184,Camana,PE,-16.6228,-72.7111,74.57,67,91,8.9,overcast clouds
185,Hilo,US,19.7297,-155.09,73.4,73,90,4.61,overcast clouds
186,Novyy Urengoy,RU,66.0833,76.6333,-7.96,91,100,7.36,overcast clouds
187,Atambua,ID,-9.1061,124.8925,75.94,87,100,1.66,overcast clouds
188,Taoudenni,ML,22.6783,-3.9836,79.12,29,98,11.43,overcast clouds
189,Westport,US,41.1415,-73.3579,35.6,44,1,12.66,clear sky
190,Pizarro,CO,4.9533,-77.366,77.81,87,100,8.23,light rain
191,Tabou,CI,4.423,-7.3528,79.75,84,26,6.55,scattered clouds
192,Paraiso,CR,9.8383,-83.8656,78.8,47,20,17.27,few clouds
193,Dekar,BW,-21.5333,21.9333,78.8,61,45,4.79,scattered clouds
194,Boyolangu,ID,-8.1181,111.8935,75.85,87,100,2.55,overcast clouds
195,Port Blair,IN,11.6667,92.75,79.93,80,86,10.69,overcast clouds
196,Komsomolskiy,UZ,40.4272,71.7189,21.2,79,0,4.61,mist
197,Portland,US,45.5234,-122.6762,45.0,75,75,4.03,broken clouds
198,Husavik,IS,66.0449,-17.3389,24.8,74,90,6.91,light snow
199,Gotsu,JP,35.0,132.2167,32.22,93,100,17.38,light snow
200,Athabasca,CA,54.7169,-113.2854,12.2,92,0,3.44,clear sky
201,Tubuala,PA,9.5167,-79.0333,86.0,62,75,8.05,moderate rain
202,Pevek,RU,69.7008,170.3133,-23.04,88,14,2.57,few clouds
203,Port Augusta,AU,-32.5,137.7667,70.0,72,0,1.14,clear sky
204,Pringsewu,ID,-5.3582,104.9744,72.03,93,100,2.82,moderate rain
205,Belyy Yar,RU,53.6039,91.3903,-2.2,78,100,11.79,light snow
206,Ilulissat,GL,69.2167,-51.1,21.2,42,40,20.71,snow
207,Chokurdakh,RU,70.6333,147.9167,-26.3,87,100,1.97,overcast clouds
208,Doka,SD,13.5167,35.7667,77.79,27,0,9.53,clear sky
209,Samalkot,IN,17.05,82.1833,68.05,81,100,4.9,overcast clouds
210,Diffa,NE,13.3154,12.6113,74.01,21,0,5.77,clear sky
211,Half Moon Bay,US,37.4636,-122.4286,57.2,41,1,6.2,clear sky
212,Umea,SE,63.8284,20.2597,30.2,80,90,10.36,light snow
213,Tezu,IN,27.9167,96.1667,63.46,37,75,2.73,broken clouds
214,Peniche,PT,39.3558,-9.3811,44.01,59,100,5.01,overcast clouds
215,Los Llanos De Aridane,ES,28.6585,-17.9182,60.8,59,20,10.36,few clouds
216,Mar Del Plata,AR,-38.0023,-57.5575,80.6,47,0,11.5,clear sky
217,Salalah,OM,17.0151,54.0924,71.6,28,0,10.36,clear sky
218,Upata,VE,8.0086,-62.3989,80.01,85,97,1.01,moderate rain
219,Sol-Iletsk,RU,51.1631,54.9918,24.55,97,100,11.1,light snow
220,Plettenberg Bay,ZA,-34.0527,23.3716,68.7,81,40,11.88,light rain
221,Provideniya,RU,64.3833,-173.3,-7.82,83,0,7.16,clear sky
222,Batagay-Alyta,RU,67.8006,130.4114,-22.0,85,100,3.76,overcast clouds
223,Uruzgan,AF,32.8333,66.0,31.15,64,0,7.2,clear sky
224,Sisimiut,GL,66.9395,-53.6735,21.43,87,100,9.82,overcast clouds
225,Kirakira,SB,-10.4544,161.9205,80.11,78,98,3.44,overcast clouds
226,Forbes,AU,-33.3833,148.0167,62.01,73,0,4.38,clear sky
227,Yeppoon,AU,-23.1333,150.7333,71.6,78,90,8.05,overcast clouds
228,Deblin,PL,51.5591,21.8483,37.0,50,100,9.91,overcast clouds
229,Saint-Augustin,CA,51.226,-58.6502,31.19,97,100,13.82,light snow
230,Shache,CN,38.4167,77.2406,17.2,86,0,4.41,clear sky
231,Yulara,AU,-25.2406,130.9889,75.2,25,0,5.75,clear sky
232,Ushumun,RU,52.7833,126.5333,-9.38,86,63,9.22,broken clouds
233,Kruisfontein,ZA,-34.0033,24.7314,73.0,79,49,4.0,light rain
234,Bulawayo,ZW,-20.15,28.5833,68.7,85,100,12.41,moderate rain
235,Kisangani,CD,0.5167,25.2,73.31,86,100,2.3,overcast clouds
236,Aracaju,BR,-10.9111,-37.0717,86.0,66,20,18.41,few clouds
237,Dudinka,RU,69.4058,86.1778,-24.83,85,4,9.31,clear sky
238,Guerrero Negro,MX,27.9769,-114.0611,68.99,45,0,7.29,clear sky
239,Slave Lake,CA,55.2834,-114.769,5.0,85,0,6.91,clear sky
240,Victoria,HK,22.2855,114.1577,54.0,40,91,11.41,overcast clouds
241,Hambantota,LK,6.1241,81.1185,75.2,100,75,4.61,heavy intensity rain
242,Hami,CN,42.8,93.45,9.01,92,6,0.6,clear sky
243,Batagay,RU,67.6333,134.6333,-20.45,86,100,1.03,overcast clouds
244,Port Lincoln,AU,-34.7333,135.8667,67.91,68,1,9.75,clear sky
245,Iquique,CL,-20.2208,-70.1431,75.2,57,0,17.27,clear sky
246,Otjiwarongo,NA,-20.4637,16.6477,67.39,87,100,13.44,light rain
247,Coruripe,BR,-10.1256,-36.1756,83.05,63,0,17.2,clear sky
248,Alice Springs,AU,-23.7,133.8833,77.0,52,0,6.24,clear sky
249,Belmonte,BR,-15.8631,-38.8828,84.2,79,75,11.5,broken clouds
250,Vanavara,RU,60.34,102.2797,-6.18,90,100,5.66,overcast clouds
251,Ajdabiya,LY,30.7554,20.2263,71.31,29,0,7.76,clear sky
252,Geraldton,AU,-28.7667,114.6,73.4,83,73,8.05,broken clouds
253,Lompoc,US,34.6391,-120.4579,64.0,51,1,9.62,clear sky
254,Birao,CF,10.2849,22.7882,76.08,18,72,8.03,broken clouds
255,Maldonado,UY,-34.6667,-54.9167,73.99,60,75,8.05,broken clouds
256,Brattleboro,US,42.8509,-72.5579,34.0,60,73,9.08,broken clouds
257,Nabire,ID,-3.3667,135.4833,75.58,87,100,3.83,light rain
258,Lasa,IT,46.6166,10.7002,23.0,62,0,5.75,clear sky
259,Biak,ID,-0.9131,122.8766,76.82,81,8,3.65,clear sky
260,Rapallo,IT,44.3511,9.2297,42.01,47,100,1.99,overcast clouds
261,Prachuap Khiri Khan,TH,12.2167,99.75,65.89,76,2,3.22,clear sky
262,Charqueadas,BR,-29.9547,-51.6253,96.01,26,0,11.5,clear sky
263,Ketchikan,US,55.3422,-131.6461,42.8,70,90,16.11,light rain
264,Mpongwe,ZM,-13.5091,28.155,66.97,93,100,2.98,overcast clouds
265,Aswan,EG,24.0934,32.907,67.42,24,0,10.45,clear sky
266,Sitka,US,57.0531,-135.33,44.6,61,90,20.71,light snow
267,Shakawe,BW,-18.3667,21.85,76.41,70,94,3.8,light rain
268,Ampanihy,MG,-24.7,44.75,78.67,69,0,7.14,clear sky
269,Margate,GB,51.3813,1.3862,37.0,98,0,7.45,clear sky
270,Avera,US,33.194,-82.5271,48.2,65,90,6.91,overcast clouds
271,Havelock,US,34.8791,-76.9013,48.99,46,1,12.66,clear sky
272,Kaoma,ZM,-14.7833,24.8,68.49,89,100,2.21,light rain
273,Ereymentau,KZ,51.6199,73.1033,5.92,86,100,22.08,snow
274,Tukrah,LY,32.5341,20.5791,68.7,45,0,9.46,clear sky
275,Kattivakkam,IN,13.2167,80.3167,78.8,94,75,2.3,light rain
276,Nome,US,64.5011,-165.4064,-0.4,71,90,11.5,overcast clouds
277,Vao,NC,-22.6667,167.4833,77.95,88,100,17.58,overcast clouds
278,Bayji,IQ,34.9311,43.487,53.8,39,99,3.31,overcast clouds
279,Thiadiaye,SN,14.4205,-16.7056,87.8,73,0,21.85,clear sky
280,Chornobayivka,UA,46.6941,32.5537,32.0,86,0,4.47,clear sky
281,Changping,CN,40.2186,116.2197,26.01,38,0,6.71,clear sky
282,Whitehorse,CA,60.7161,-135.0538,21.2,86,40,13.8,scattered clouds
283,Egvekinot,RU,66.3167,-179.1667,-19.64,87,79,10.13,broken clouds
284,Zhigansk,RU,66.7697,123.3711,-27.08,85,100,1.41,overcast clouds
285,Port Macquarie,AU,-31.4333,152.9167,63.0,99,69,4.92,broken clouds
286,Lata,PT,40.1629,-8.3327,44.01,77,98,4.0,overcast clouds
287,Lichinga,MZ,-13.3128,35.2406,64.4,100,75,5.75,light rain
288,Abong Mbang,CM,3.9833,13.1833,74.41,33,33,0.54,scattered clouds
289,Richards Bay,ZA,-28.783,32.0377,73.65,78,3,9.15,clear sky
290,Merrill,US,45.1805,-89.6835,23.0,93,90,3.44,overcast clouds
291,Severodvinsk,RU,64.5635,39.8302,-0.4,78,75,2.24,light snow
292,Singapore,SG,1.2897,103.8501,77.0,100,90,4.61,heavy intensity rain
293,Marawi,PH,7.9986,124.2928,75.0,93,94,5.01,overcast clouds
294,Talara,PE,-4.5772,-81.2719,86.0,62,0,14.97,clear sky
295,Mayumba,GA,-3.432,10.6554,78.84,89,100,7.47,overcast clouds
296,Peterhead,GB,57.5058,-1.7981,41.0,87,75,9.22,moderate rain
297,Bandarbeyla,SO,9.4942,50.8122,74.21,72,11,25.43,few clouds
298,Mindelo,CV,16.8901,-24.9804,73.4,53,40,18.41,scattered clouds
299,Ligayan,PH,4.6533,119.4706,81.66,80,1,7.43,clear sky
300,Longyearbyen,SJ,78.2186,15.6401,23.0,74,75,17.27,broken clouds
301,Balikpapan,ID,-1.2675,116.8289,75.47,92,100,2.68,heavy intensity rain
302,Requena,ES,39.4883,-1.1004,33.01,84,100,7.0,snow
303,Kavaratti,IN,10.5669,72.642,82.47,77,100,9.24,light rain
304,Carlos Antonio Lopez,PY,-26.4,-54.7667,86.92,53,73,5.06,moderate rain
305,Akdepe,TM,42.0551,59.3788,33.8,59,100,13.8,overcast clouds
306,Porto Novo,BJ,6.4965,2.6036,82.4,89,40,11.5,scattered clouds
307,Maymyo,MM,22.0333,96.4667,59.83,67,0,0.96,clear sky
308,Zhaotong,CN,27.3167,103.7167,23.7,92,100,7.4,overcast clouds
309,Joshimath,IN,30.5667,79.5667,43.27,30,1,5.77,clear sky
310,Merauke,ID,-8.4667,140.3333,77.79,88,97,8.34,light rain
311,Altar,MX,30.7,-111.8167,63.0,30,0,3.0,clear sky
312,Japura,ID,-0.3167,102.35,72.63,97,100,3.04,light rain
313,Konya,TR,38.1667,32.5,51.8,58,75,11.5,broken clouds
314,Ust-Kuyga,RU,70.0167,135.6,-20.4,85,100,4.03,overcast clouds
315,Falmouth,GB,50.1544,-5.0711,37.0,100,20,6.91,few clouds
316,Savannah Bight,HN,16.45,-85.85,78.01,94,90,8.05,light rain
317,Norman Wells,CA,65.282,-126.8329,3.2,85,75,3.44,broken clouds
318,Korla,CN,41.7597,86.1469,12.87,89,0,0.25,clear sky
319,Bilma,NE,18.6853,12.9164,72.55,21,0,4.83,clear sky
320,Karagaylinskiy,RU,54.172,86.5521,0.68,87,100,11.27,overcast clouds
321,Kungurtug,RU,50.5994,97.5228,-19.43,81,63,0.49,broken clouds
322,Isiro,CD,2.7739,27.616,69.84,74,41,2.04,scattered clouds
323,Iqaluit,CA,63.7506,-68.5145,10.4,79,90,10.36,light snow
324,Garowe,SO,8.4054,48.4845,70.11,56,0,19.01,clear sky
325,Umm Kaddadah,SD,13.6017,26.6876,70.83,21,5,14.58,clear sky
326,Itarema,BR,-2.9248,-39.9167,85.05,60,13,16.78,few clouds
327,Alexandria,EG,31.2156,29.9553,64.4,82,0,3.44,clear sky
328,Mogadishu,SO,2.0371,45.3438,76.75,76,0,26.44,clear sky
329,Yaita,JP,36.8,139.9333,25.07,84,32,5.35,scattered clouds
330,Palasa,IN,18.7667,84.4167,68.4,71,0,2.42,clear sky
331,Carlisle,US,40.2015,-77.1889,43.0,44,0,7.0,clear sky
332,Severo-Kurilsk,RU,50.6789,156.125,20.73,86,93,10.18,overcast clouds
333,Mahebourg,MU,-20.4081,57.7,78.8,94,75,11.5,light rain
334,Lucapa,AO,-8.4192,20.7447,66.11,97,9,3.02,light rain
335,Parainen,FI,60.3067,22.301,26.01,93,20,3.44,light snow
336,Leningradskiy,RU,69.3833,178.4167,-21.51,83,40,4.18,scattered clouds
337,Xining,CN,36.6167,101.7667,8.31,77,93,2.28,overcast clouds
338,Nkhata Bay,MW,-11.6066,34.2907,74.88,76,98,9.84,light rain
339,Keti Bandar,PK,24.1447,67.4497,60.57,33,0,14.36,clear sky
340,Guanare,VE,9.0418,-69.7421,85.41,59,78,4.47,broken clouds
341,Druzhba,UA,52.0428,33.9453,28.85,97,100,12.28,overcast clouds
342,Santa Isabel Do Rio Negro,BR,-0.4139,-65.0192,81.99,84,91,2.01,overcast clouds
343,Wanaka,NZ,-44.7,169.15,51.01,82,34,3.98,scattered clouds
344,Afsin,TR,38.2477,36.914,38.26,75,0,1.81,clear sky
345,Bonthe,SL,7.5264,-12.505,80.2,83,1,6.87,clear sky
346,Leninsk,RU,48.7119,45.1994,42.8,93,90,22.37,moderate rain
347,Ocho Rios,JM,18.4025,-77.1048,81.0,85,75,3.0,broken clouds
348,Letka,RU,59.6011,49.4232,6.55,95,95,4.94,overcast clouds
349,Ati,TD,13.2154,18.3353,77.79,17,0,9.86,clear sky
350,Poum,NC,-20.2333,164.0167,81.3,83,100,11.23,light rain
351,Cockburn Town,TC,21.4612,-71.1419,80.6,74,75,5.75,broken clouds
352,Pangai,TO,-19.8,-174.35,78.8,100,20,9.22,few clouds
353,Namtsy,RU,62.7161,129.6658,-47.2,59,100,3.8,fog
354,Kinablangan,PH,7.6947,126.5503,78.15,77,1,4.7,light rain
355,Barsovo,RU,61.1667,73.1667,-9.4,77,75,2.24,broken clouds
356,Rovaniemi,FI,66.5,25.7167,10.4,85,20,3.44,few clouds
357,Adrar,MR,20.5022,-10.0711,68.68,42,1,10.76,clear sky
358,Iquitos,PE,-3.7481,-73.2472,89.6,58,40,6.91,scattered clouds
359,San Carlos De Bariloche,AR,-41.1456,-71.3082,57.2,51,75,27.63,light rain
360,Mumford,GH,5.2618,-0.759,80.29,82,100,14.16,overcast clouds
361,San Joaquin,US,37.9333,-121.3011,52.0,76,20,6.91,few clouds
362,Vilhena,BR,-12.7406,-60.1458,89.6,48,40,5.75,scattered clouds
363,Comodoro Rivadavia,AR,-45.8667,-67.5,71.6,24,75,24.16,broken clouds
364,Asau,RO,46.4333,26.4,32.0,100,40,1.14,mist
365,Saint Anthony,US,45.0205,-93.218,17.6,86,90,2.26,mist
366,Corinto,GR,37.9407,22.9573,57.99,71,100,1.01,overcast clouds
367,Wurzburg,DE,49.7878,9.9361,32.0,86,75,4.61,broken clouds
368,Callaway,US,30.153,-85.5699,46.0,61,90,11.5,overcast clouds
369,Dawson Creek,CA,55.7666,-120.2362,32.0,55,1,18.41,clear sky
370,Fare,PF,-16.7,-151.0167,81.23,69,41,11.88,scattered clouds
371,Remigio,BR,-6.9333,-35.7833,87.8,45,40,16.11,scattered clouds
372,Banda Aceh,ID,5.5577,95.3222,77.74,78,100,3.4,overcast clouds
373,Acajutla,SV,13.5928,-89.8275,82.4,42,20,4.61,few clouds
374,Mashivka,UA,49.4431,34.8669,32.36,91,100,9.55,overcast clouds
375,Lazaro Cardenas,MX,17.9583,-102.2,82.92,56,6,6.42,clear sky
376,Canton,CN,23.1167,113.25,52.0,22,0,6.71,clear sky
377,Dikson,RU,73.5069,80.5464,-7.94,83,100,3.56,overcast clouds
378,Gilgit,PK,35.9221,74.3087,27.09,58,0,3.89,clear sky
379,Sangar,RU,63.9242,127.4739,-41.13,81,98,3.18,overcast clouds
380,Ouegoa,NC,-20.35,164.4333,80.28,80,100,5.59,overcast clouds
381,Nador,MA,35.174,-2.9287,51.8,76,0,4.61,clear sky
382,Benito Juarez,MX,19.385,-99.165,69.8,30,20,3.44,few clouds
383,Itoman,JP,26.1247,127.6694,51.8,71,75,12.66,light rain
384,San Vicente,AR,-26.6167,-54.1333,86.95,45,88,1.16,light rain
385,Mus,TR,39.0,41.75,18.68,89,0,3.11,clear sky
386,Baiyin,CN,36.5583,104.2081,18.0,36,0,2.24,clear sky
387,Tooele,US,40.5308,-112.2983,34.0,75,1,4.61,clear sky
388,Krasnoselkup,RU,65.7,82.4667,-11.31,90,94,5.59,overcast clouds
389,Broome,US,42.2506,-75.833,32.0,43,20,14.97,few clouds
390,Jijiga,ET,9.35,42.8,57.65,58,0,8.46,clear sky
391,Pierre,US,44.3683,-100.351,35.01,100,93,3.0,overcast clouds
392,Tabas,IR,33.5959,56.9244,35.6,32,0,2.3,clear sky
393,Cayenne,GF,4.9333,-52.3333,80.6,89,75,14.97,broken clouds
394,Vostok,RU,46.4856,135.8833,-19.53,87,100,3.65,overcast clouds
395,Chuy,UY,-33.6971,-53.4616,73.15,55,100,11.63,overcast clouds
396,Bindura,ZW,-17.3019,31.3306,66.0,90,100,4.0,overcast clouds
397,Halifax,CA,44.6453,-63.5724,36.0,64,9,5.75,clear sky
398,Bengbu,CN,32.9408,117.3608,28.69,72,100,1.16,overcast clouds
399,Leh,IN,34.1667,77.5833,2.68,63,0,0.6,clear sky
400,Hamilton,US,39.1834,-84.5333,34.0,60,90,5.75,overcast clouds
401,Olga,RU,43.7444,135.2892,-2.9,77,62,13.02,broken clouds
402,Sioux Lookout,CA,50.1001,-91.917,21.2,93,90,4.61,mist
403,Pemangkat,ID,1.1667,108.9667,77.81,89,100,9.55,light rain
404,Muros,ES,42.7762,-9.0603,46.0,63,99,11.99,overcast clouds
405,Huainan,CN,32.6264,116.9969,29.35,73,100,2.98,overcast clouds
406,Tancanhuitz,MX,21.6,-98.9667,63.84,67,100,3.2,overcast clouds
407,Qasigiannguit,GL,68.8193,-51.1922,21.2,42,40,20.71,snow
408,Kalundborg,DK,55.6795,11.0886,33.01,89,47,7.74,scattered clouds
409,Rocky Mountain House,CA,52.3668,-114.9188,14.0,79,88,1.14,overcast clouds
410,La Ronge,CA,55.1001,-105.2842,6.8,85,0,2.3,clear sky
411,Alta Floresta,BR,-9.8756,-56.0861,88.68,60,36,3.09,scattered clouds
412,Atar,MR,20.5169,-13.0499,68.9,32,5,11.65,clear sky
413,Coihaique,CL,-45.5752,-72.0662,50.0,81,90,5.75,moderate rain
414,Ostrovnoy,RU,68.0531,39.5131,8.89,92,95,8.61,overcast clouds
415,Le Port,RE,-20.9373,55.2919,77.0,73,0,8.05,clear sky
416,Vila Franca Do Campo,PT,37.7167,-25.4333,53.6,58,20,6.91,few clouds
417,Kirkuk,IQ,35.4681,44.3922,51.44,44,100,2.46,overcast clouds
418,Wamba,NG,8.9333,8.6,78.53,18,27,3.04,scattered clouds
419,Seminole,US,28.7086,-81.2081,57.0,50,1,11.5,clear sky
420,Takaka,NZ,-40.85,172.8,59.0,89,42,1.99,scattered clouds
421,Okhotsk,RU,59.3833,143.3,-13.22,84,100,9.46,overcast clouds
422,Talakan,RU,50.3167,130.3667,-21.73,84,7,0.96,clear sky
423,Qui Nhon,VN,13.7667,109.2333,70.47,85,99,19.46,light rain
424,Sakaiminato,JP,35.55,133.2333,30.2,93,75,11.5,snow
425,Gamba,GA,-2.65,10.0,78.48,89,12,6.33,few clouds
426,Nisporeni,MD,47.0814,28.1783,34.0,93,0,3.44,clear sky
427,Luderitz,NA,-26.6481,15.1594,71.78,52,0,27.29,clear sky
428,Montevideo,UY,-34.8335,-56.1674,78.01,68,0,11.5,clear sky
429,Palmer,US,42.1584,-72.3287,36.0,44,75,10.36,broken clouds
430,Sardarshahr,IN,28.4333,74.4833,57.99,38,0,9.08,clear sky
431,Aliwal North,ZA,-30.6937,26.7114,72.54,41,0,7.63,clear sky
432,Pangody,RU,65.85,74.4859,-7.58,91,93,6.82,overcast clouds
433,Santa Cruz,BO,-17.8,-63.1667,91.4,55,75,17.27,broken clouds
434,Khorol,UA,49.7837,33.2783,31.64,94,96,10.71,overcast clouds
435,Tomatlan,MX,19.9333,-105.25,87.51,41,19,7.25,few clouds
436,Riberalta,BO,-10.9833,-66.1,91.4,58,75,9.22,broken clouds
437,Necochea,AR,-38.5473,-58.7368,86.0,48,0,14.9,clear sky
438,Rosetta,EG,31.4044,30.4164,64.4,82,0,3.44,clear sky
439,Laguna,US,38.421,-121.4238,51.01,71,1,8.05,clear sky
440,Tucumcari,US,35.1717,-103.725,37.4,60,90,8.05,overcast clouds
441,Luanda,AO,-8.8368,13.2343,78.8,78,75,6.91,broken clouds
442,Pacific Grove,US,36.6177,-121.9166,57.0,71,1,3.44,clear sky
443,Palu,ID,-0.8917,119.8707,76.62,81,39,2.71,scattered clouds
444,Batemans Bay,AU,-35.7167,150.1833,57.99,95,1,1.01,clear sky
445,Port Hueneme,US,34.1478,-119.1951,71.6,21,1,16.11,clear sky
446,Chifeng,CN,42.2683,118.9636,-4.59,82,0,6.91,clear sky
447,Manokwari,ID,-0.8667,134.0833,79.16,75,100,6.78,overcast clouds
448,Port Hawkesbury,CA,45.6169,-61.3485,33.01,93,90,11.5,light snow
449,Ambon,ID,-3.6954,128.1814,82.99,90,90,4.61,overcast clouds
450,Magadan,RU,59.5667,150.8,2.12,92,100,7.09,light snow
451,Cap-Aux-Meules,CA,47.3821,-61.8597,32.0,100,100,14.97,overcast clouds
452,Wote,KE,-1.7808,37.6288,65.68,93,100,6.44,moderate rain
453,Warmbad,NA,-28.45,18.7333,83.17,24,31,19.39,scattered clouds
454,Yerbogachen,RU,61.2767,108.0108,-14.69,87,100,4.29,overcast clouds
455,Prince Rupert,CA,54.3161,-130.3201,46.4,46,90,9.22,overcast clouds
456,Bonnyville,CA,54.2668,-110.735,14.0,92,75,4.61,mist
457,Boat Of Garten,GB,57.2491,-3.759,41.0,81,90,9.22,light rain
458,San Pedro,PH,14.35,121.0167,77.0,73,75,13.82,broken clouds
459,Mandalgovi,MN,45.7625,106.2708,-1.35,82,100,6.04,overcast clouds
460,Redlands,US,34.0556,-117.1825,66.99,25,1,3.8,clear sky
461,Riyadh,SA,24.6877,46.7219,55.4,76,0,5.75,clear sky
462,Kieta,PG,-6.2167,155.6333,79.63,74,100,1.81,overcast clouds
463,Hit,IQ,33.6416,42.8251,50.83,43,50,1.36,scattered clouds
464,Port Hardy,CA,50.6996,-127.4199,42.8,75,90,27.63,light rain
465,Novikovo,RU,51.1537,37.8879,29.17,96,97,9.98,light snow
466,Vaitape,PF,-16.5167,-151.75,81.25,70,0,13.56,clear sky
467,Autun,FR,46.95,4.3,34.0,74,0,8.05,clear sky
468,San Carlos,VE,9.6612,-68.5827,87.89,48,65,3.58,broken clouds
469,Mutoko,ZW,-17.397,32.2268,66.72,96,100,1.57,light rain
470,Macusani,PE,-14.0833,-70.4333,44.98,73,87,11.07,light rain
471,Aklavik,CA,68.2191,-135.0107,5.0,85,75,2.3,broken clouds
472,Auchi,NG,7.0667,6.2667,81.99,52,0,4.83,clear sky
473,Moron,AR,-34.6534,-58.6198,88.0,42,0,3.0,clear sky
474,Maragogi,BR,-9.0122,-35.2225,81.57,70,27,13.24,scattered clouds
475,High Level,CA,58.5169,-117.136,-2.2,92,1,5.19,clear sky
476,Ugoofaaru,MV,5.6667,73.0,82.4,71,75,6.4,broken clouds
477,Markala,ML,13.7021,-6.0659,75.9,18,22,1.68,few clouds
478,Svobodnyy,RU,51.4,128.1333,-21.95,87,50,1.07,scattered clouds
479,Uyemskiy,RU,64.4743,40.8524,-0.4,78,75,2.24,light snow
480,Suyo,PH,16.9762,120.5254,68.27,68,9,4.43,clear sky
481,Khandbari,NP,27.3747,87.2039,52.9,61,100,2.53,overcast clouds
482,Namibe,AO,-15.1961,12.1522,72.09,72,100,7.85,overcast clouds
483,Yaya,RU,56.206,86.44,-0.98,91,100,19.19,light snow
484,Mayya,RU,61.7333,130.2811,-47.2,59,100,2.21,fog
485,Axim,GH,4.8699,-2.2405,79.77,84,99,7.09,overcast clouds
486,Antigonish,CA,45.6169,-61.9986,32.0,91,87,3.0,overcast clouds
487,Dubbo,AU,-32.25,148.6167,59.0,94,0,11.5,clear sky
488,Roebourne,AU,-20.7833,117.1333,91.53,39,46,10.27,scattered clouds
489,Songjianghe,CN,42.1859,127.479,-7.08,86,73,6.26,broken clouds
490,Inhambane,MZ,-23.865,35.3833,80.6,69,40,2.3,scattered clouds
491,Jumla,NP,29.2747,82.1838,37.74,55,89,2.8,overcast clouds
492,Naigarhi,IN,24.7833,81.7833,66.2,68,100,3.11,overcast clouds
493,Grindavik,IS,63.8424,-22.4338,23.0,100,90,5.75,snow
494,Rio Grande,BR,-32.035,-52.0986,82.4,69,75,11.5,broken clouds
495,Khandagayty,RU,50.7333,92.05,-23.44,75,41,0.31,scattered clouds
496,Solnechnyy,RU,50.7214,136.6319,-18.58,82,16,3.31,few clouds
497,Rabo De Peixe,PT,37.8,-25.5833,53.6,58,20,6.91,few clouds
498,Oktyabrskoye,RU,43.0645,44.7417,32.0,86,99,6.71,overcast clouds
499,San Patricio,US,28.017,-97.5169,55.4,67,90,9.22,overcast clouds
500,Oyama,JP,36.3,139.8,36.0,63,20,2.3,few clouds
501,Sungaipenuh,ID,-2.0833,101.3833,64.04,96,100,1.63,heavy intensity rain
502,Kushiro,JP,42.975,144.3747,18.9,85,48,12.3,scattered clouds
503,Zhezkazgan,KZ,47.8043,67.7144,-5.13,87,100,7.94,overcast clouds
504,Rincon,US,32.296,-81.2354,46.99,66,90,14.97,overcast clouds
505,Aykhal,RU,66.0,111.5,-29.07,83,94,7.27,overcast clouds
506,Belluno,IT,46.145,12.2214,35.01,90,100,6.17,overcast clouds
507,Zhanaozen,KZ,43.3,52.8,31.44,85,0,15.7,clear sky
508,Jalu,LY,29.0331,21.5482,66.9,34,0,7.74,clear sky
509,Kropotkin,RU,45.4375,40.5756,51.15,83,100,11.63,light rain
510,Aasiaat,GL,68.7098,-52.8699,15.24,87,100,6.78,overcast clouds
511,Chapais,CA,49.7834,-74.8492,15.8,92,90,10.36,light snow
512,Neiafu,TO,-18.65,-173.9833,80.6,83,40,11.5,scattered clouds
513,Sao Miguel Do Araguaia,BR,-13.275,-50.1628,91.45,52,44,1.9,moderate rain
514,Stokmarknes,NO,68.5646,14.9108,30.99,57,100,10.0,overcast clouds
515,Oistins,BB,13.0667,-59.5333,84.2,70,40,18.41,scattered clouds
516,Liwale,TZ,-9.7667,37.9333,71.71,96,97,3.47,light rain
517,Chunhuhub,MX,19.55,-88.6833,77.29,42,0,4.14,clear sky
518,Luba,GQ,3.4568,8.5547,80.6,89,20,8.05,few clouds
519,Novichikha,RU,52.204,81.3877,1.6,89,95,16.08,overcast clouds
520,Mahenge,TZ,-8.6833,36.7167,65.37,100,100,3.13,moderate rain
521,Kushima,JP,31.4583,131.2333,30.0,80,1,8.99,clear sky
522,Pisco,PE,-13.7,-76.2167,75.2,73,0,13.8,clear sky
523,Verkhoyansk,RU,67.5447,133.385,-16.73,86,100,2.86,overcast clouds
524,Imbituba,BR,-28.24,-48.6703,86.0,58,40,10.36,scattered clouds
525,Dalbandin,PK,28.8947,64.4101,38.14,56,0,5.88,clear sky
526,Katherine,AU,-14.4667,132.2667,80.6,78,100,5.75,overcast clouds
527,Mildura,AU,-34.2,142.15,66.2,48,0,4.65,clear sky
528,Mareeba,AU,-17.0,145.4333,77.0,88,98,5.75,overcast clouds
529,Kambove,CD,-10.8764,26.5969,62.76,98,100,2.37,overcast clouds
530,Mangit,UZ,40.5971,70.9607,21.2,79,0,4.61,mist
531,Cerritos,US,33.8583,-118.0648,66.99,45,20,4.61,few clouds
532,Esna,EG,25.2934,32.554,68.0,42,0,3.44,clear sky
533,Andenes,NO,69.3143,16.1194,30.2,69,100,21.85,overcast clouds
534,Orsha,BY,54.5153,30.4053,18.93,97,94,6.71,snow
535,Cairns,AU,-16.9167,145.7667,77.0,88,95,2.3,moderate rain
536,Hovd,MN,48.0056,91.6419,-5.66,84,18,0.54,few clouds
537,Ouesso,CG,1.6136,16.0517,80.4,47,35,1.99,scattered clouds
538,Nedjo,ET,9.5046,35.5019,67.5,41,100,2.93,overcast clouds
539,Jand,PK,33.4299,72.0193,50.97,41,0,3.02,clear sky
540,Teya,RU,60.3778,92.6267,-11.7,86,100,6.38,light snow
541,Winona,US,43.9666,-91.7668,27.0,93,90,3.44,mist
542,Khandyga,RU,62.6667,135.6,-33.16,83,100,1.36,overcast clouds
543,Teramo,IT,42.65,13.6833,39.0,86,100,5.99,overcast clouds
544,Meulaboh,ID,4.1363,96.1285,74.75,90,100,4.72,overcast clouds
545,Rawah,IQ,34.4816,41.9093,51.39,40,99,2.19,overcast clouds
546,Gidole,ET,5.65,37.3667,61.81,67,0,2.21,clear sky
547,Ust-Nera,RU,64.5667,143.2,-31.88,74,100,0.63,overcast clouds
548,Tenabo,MX,20.05,-90.2333,75.2,53,40,13.8,scattered clouds
549,Tonantins,BR,-2.8731,-67.8022,91.08,49,22,2.48,few clouds
550,Lakes Entrance,AU,-37.8811,147.981,59.0,94,97,3.15,overcast clouds
551,Dehui,CN,44.5333,125.7,-2.2,60,0,8.95,clear sky
552,Reftinskiy,RU,57.0901,61.6769,1.4,85,40,4.47,light snow
553,Pudozh,RU,61.8099,36.5345,-12.95,89,0,4.94,clear sky
554,Statesville,US,35.7826,-80.8873,46.4,46,1,5.75,clear sky
555,Jacobina,BR,-11.1806,-40.5183,93.11,31,82,5.53,broken clouds
556,Carutapera,BR,-1.195,-46.02,85.39,64,44,10.11,scattered clouds
557,Surt,LY,31.2089,16.5887,74.35,34,0,13.22,clear sky
558,Hede,CN,33.7681,120.2517,25.12,73,99,2.82,overcast clouds
559,Zhigalovo,RU,54.8097,105.1578,-11.18,84,100,1.5,overcast clouds
560,Palmas De Monte Alto,BR,-14.2672,-43.1619,89.37,38,95,5.14,overcast clouds
561,Tiarei,PF,-17.5333,-149.3333,82.4,69,40,11.5,scattered clouds
562,Vestmannaeyjar,IS,63.4427,-20.2734,23.0,58,0,13.8,clear sky
563,Vila Do Maio,CV,15.1333,-23.2167,73.4,64,75,24.16,broken clouds
564,Verkhnyaya Inta,RU,65.9811,60.3094,-1.86,90,0,8.46,clear sky
565,Pochutla,MX,15.7432,-96.4661,84.2,54,20,13.8,few clouds
566,Hasaki,JP,35.7333,140.8333,24.8,80,20,2.3,few clouds
567,La Orilla,MX,17.9833,-102.2333,83.34,55,7,7.05,clear sky
568,Vysokogornyy,RU,50.1167,139.15,-27.47,83,96,3.44,overcast clouds
569,Porto Torres,IT,40.835,8.3972,53.6,82,75,9.22,broken clouds
570,Garden City,US,42.3256,-83.331,42.8,52,40,4.61,scattered clouds
571,The Valley,AI,18.217,-63.0578,84.2,69,20,12.66,few clouds
572,Jaguaruna,BR,-28.615,-49.0256,82.78,63,50,11.77,scattered clouds
573,Svetlyy,RU,54.675,20.1347,28.99,93,90,5.1,light snow
574,Togur,RU,58.3631,82.8265,-1.07,93,100,6.87,overcast clouds
575,Kendari,ID,-3.945,122.4989,77.05,91,75,2.82,moderate rain
576,Bowen,AU,-20.0167,148.2333,73.4,88,90,12.66,overcast clouds
577,Usinsk,RU,65.9939,57.5281,-9.58,90,21,8.37,few clouds
578,Sao Felix Do Xingu,BR,-6.6447,-51.995,91.89,46,100,2.28,light rain
579,Noumea,NC,-22.2763,166.4572,81.0,94,75,2.3,broken clouds
580,Brigantine,US,39.4101,-74.3646,41.0,35,40,16.11,scattered clouds
581,Ola,RU,59.5833,151.2833,1.22,92,100,8.84,light snow
582,Bathsheba,BB,13.2167,-59.5167,84.2,70,40,18.41,scattered clouds
583,Vaijapur,IN,19.9167,74.7333,75.2,78,75,2.3,drizzle
584,Muzaffarabad,PK,34.37,73.4711,45.23,53,1,6.87,clear sky
585,Puerto Escondido,MX,15.85,-97.0667,80.6,69,1,6.91,clear sky
586,Bay Roberts,CA,47.5999,-53.2648,35.6,80,40,12.66,scattered clouds
587,Kandrian,PG,-6.2167,149.55,78.53,83,97,7.61,overcast clouds
588,Constitucion,CL,-35.3333,-72.4167,63.5,52,0,17.29,clear sky
589,Tual,ID,-5.6667,132.75,83.55,75,100,10.4,light rain
590,America Dourada,BR,-11.4553,-41.4361,88.0,38,72,7.4,broken clouds
591,Newport,GB,51.5877,-2.9984,35.01,91,0,3.04,clear sky
592,El Centro,US,32.792,-115.563,70.0,27,1,6.91,clear sky
593,Nha Trang,VN,12.25,109.1833,75.2,78,40,17.27,light rain
594,Coahuayana,MX,18.7333,-103.6833,78.8,57,40,11.5,scattered clouds
595,Emba,KZ,48.8264,58.1442,21.92,95,100,14.05,overcast clouds
596,Pittsburg,US,38.028,-121.8847,55.99,50,1,5.19,clear sky
597,San Juan,AR,-31.5375,-68.5364,87.85,26,0,3.76,clear sky
598,Burns Lake,CA,54.2331,-125.7533,1.4,85,100,2.53,overcast clouds
599,San Policarpo,PH,12.1791,125.5072,79.88,85,100,15.59,heavy intensity rain
600,Flin Flon,CA,54.7682,-101.865,5.0,92,1,4.61,clear sky
601,Kaeo,NZ,-35.1,173.7833,66.99,88,100,3.0,overcast clouds
602,Perevolotskiy,RU,51.8763,54.1938,23.31,98,100,12.15,snow
603,Nhulunbuy,AU,-12.2333,136.7667,78.8,94,98,3.44,overcast clouds
604,Dehloran,IR,32.6941,47.2679,54.91,39,0,1.48,clear sky
605,Goundam,ML,16.4145,-3.6708,80.73,15,6,4.18,clear sky
606,Labuhan,ID,-6.8844,112.2051,77.18,85,100,8.39,overcast clouds
607,Peruibe,BR,-24.32,-46.9983,81.34,75,3,8.5,light rain
608,Itapora,BR,-22.0799,-54.7874,95.38,34,41,9.95,scattered clouds
609,Flinders,AU,-34.5833,150.8552,60.01,87,0,1.01,clear sky
610,Nishihara,JP,26.1842,127.7558,51.8,71,75,12.66,broken clouds
611,Parit Buntar,MY,5.1267,100.4932,80.6,69,20,5.75,few clouds
612,Tarana,IN,23.3333,76.0333,64.02,78,23,3.96,few clouds
613,Namatanai,PG,-3.6667,152.4333,79.12,78,98,4.38,overcast clouds
614,Coquimbo,CL,-29.9533,-71.3436,64.4,68,40,13.8,scattered clouds
615,Lebowakgomo,ZA,-24.2,29.5,71.6,68,0,9.22,clear sky
616,Akhaldaba,GE,41.654,42.1516,57.2,35,0,16.11,clear sky
617,Chebsara,RU,59.2002,38.8356,-7.6,84,0,6.71,clear sky
618,Digha,IN,21.6833,87.55,72.75,63,0,6.76,clear sky
619,Yantal,RU,56.8471,105.2542,-9.89,86,100,4.23,overcast clouds
620,Puerto Plata,DO,19.7934,-70.6884,82.4,78,75,5.75,broken clouds
621,Marsh Harbour,BS,26.5412,-77.0636,65.12,66,100,16.15,overcast clouds
622,Rochegda,RU,62.8,43.25,-5.87,92,97,1.12,overcast clouds
623,Igarka,RU,67.4667,86.5833,-14.26,88,93,8.19,overcast clouds
624,Waingapu,ID,-9.6567,120.2641,80.1,79,100,2.71,heavy intensity rain
625,Zyryanka,RU,65.75,150.85,-27.83,86,98,4.29,overcast clouds
626,Esso,RU,55.9333,158.7,5.32,88,100,3.89,light snow
627,Rindal,NO,63.0565,9.2124,26.67,90,100,4.68,overcast clouds
628,Whitianga,NZ,-36.8333,175.7,64.99,97,4,5.01,clear sky
629,Watsa,CD,3.0372,29.5355,70.16,67,85,3.38,overcast clouds
630,Tambopata,PE,-12.7333,-69.1833,93.2,52,40,6.91,scattered clouds
631,Letenye,HU,46.433,16.7258,30.99,89,100,2.93,overcast clouds
632,Cobh,IE,51.8572,-8.2992,33.8,64,20,3.44,few clouds
633,College,US,64.8569,-147.8028,6.8,78,75,3.76,broken clouds
634,Zelenoborskiy,RU,66.845,32.3622,-3.82,93,90,2.77,overcast clouds
635,Muzhi,RU,65.3667,64.6667,-11.49,90,96,6.46,overcast clouds
636,West Bay,KY,19.3667,-81.4167,79.0,65,20,14.97,few clouds
637,Yakeshi,CN,49.2833,120.7333,-21.21,86,76,3.69,light snow
638,Sawtell,AU,-30.3833,153.1,64.4,94,90,10.36,overcast clouds
639,Rognan,NO,67.0953,15.3878,24.8,54,0,34.52,clear sky
640,Yokadouma,CM,3.5167,15.05,74.95,31,0,1.5,clear sky
641,Taksimo,RU,56.3444,114.8794,-6.09,83,97,2.75,overcast clouds
642,Makakilo City,US,21.3469,-158.0858,75.2,64,1,3.44,clear sky
643,Argelia,CO,2.2556,-77.2488,72.34,72,92,1.86,moderate rain
644,Thanh Hoa,VN,19.8,105.7667,51.57,46,100,7.36,overcast clouds
645,De Aar,ZA,-30.6497,24.0123,85.64,21,44,6.78,scattered clouds
646,Porto Walter,BR,-8.2686,-72.7439,87.78,56,87,3.47,overcast clouds
647,Copiapo,CL,-27.3667,-70.3333,69.8,56,0,12.66,clear sky
648,Moses Lake,US,47.1301,-119.2781,37.4,87,90,3.44,overcast clouds
649,Itanagar,IN,27.1,93.6167,60.22,67,23,2.93,few clouds
650,Marsala,IT,37.7966,12.4352,66.99,68,20,18.41,few clouds
651,Waipawa,NZ,-41.4122,175.5153,63.0,77,75,13.8,broken clouds
652,Road Town,VG,18.4167,-64.6167,82.4,69,40,6.91,scattered clouds
653,Bubaque,GW,11.2833,-15.8333,79.38,74,0,18.66,clear sky
654,Deputatskiy,RU,69.3,139.9,-20.25,89,99,2.55,overcast clouds
655,Piura,PE,-5.2,-80.6333,90.1,37,0,11.77,clear sky
656,Aldan,RU,58.6031,125.3894,-9.08,90,100,11.16,light snow
657,Sambava,MG,-14.2667,50.1667,77.81,75,7,3.0,clear sky
658,Seoul,KR,37.5683,126.9778,5.0,72,0,2.3,clear sky
659,Svetlogorsk,BY,52.6333,29.7333,26.74,98,99,6.89,overcast clouds
660,Te Anau,NZ,-45.4167,167.7167,48.69,84,100,2.98,moderate rain
661,Auki,SB,-8.7676,160.7034,78.06,83,100,2.84,overcast clouds
662,Monrovia,LR,6.3005,-10.7969,82.4,83,75,3.44,broken clouds
663,Frontera,MX,26.9333,-101.45,48.99,55,99,4.92,overcast clouds
664,Charagua,BO,-19.8,-63.2167,93.25,35,6,12.64,clear sky
665,Akyab,MM,20.15,92.9,70.54,63,0,2.73,clear sky
666,Sabang,ID,5.8933,95.3214,80.55,78,100,11.16,overcast clouds
667,Havoysund,NO,70.9963,24.6622,21.2,63,27,19.57,scattered clouds
668,Karlshus,NO,59.352,10.8723,26.6,74,20,9.22,few clouds
669,Xuddur,SO,4.1213,43.8894,75.69,32,0,12.82,clear sky
670,Kaspiysk,RU,42.8816,47.6392,35.6,100,0,4.47,mist
671,Abu Dhabi,AE,24.4667,54.3667,64.4,39,0,6.91,clear sky
672,Vesyegonsk,RU,58.664,37.2604,1.11,93,89,5.39,overcast clouds
673,Sechura,PE,-5.5569,-80.8222,80.67,55,18,14.67,few clouds
674,Waverley,ZA,-25.7023,28.2591,80.01,69,3,2.3,clear sky
675,Udachnyy,RU,66.4167,112.4,-25.78,84,100,5.7,overcast clouds
676,Ossora,RU,59.2353,163.0719,5.47,83,100,9.26,overcast clouds
677,Miles City,US,46.4083,-105.8406,28.4,93,90,0.94,mist
678,Mountain Home,US,43.133,-115.6912,35.6,100,75,8.05,broken clouds
679,Arlit,NE,18.7369,7.3853,79.43,15,0,10.6,clear sky
680,Temyasovo,RU,52.9933,58.1014,14.0,92,90,6.71,overcast clouds
681,Bitam,GA,2.076,11.5007,74.44,69,9,4.09,clear sky
682,Amahai,ID,-3.3333,128.9167,82.99,90,100,3.56,overcast clouds
683,Matamoros,MX,25.5333,-103.25,66.2,24,1,3.18,clear sky
684,Darnah,LY,32.767,22.6367,68.14,62,0,3.51,clear sky
685,Evensk,RU,61.95,159.2333,0.73,83,58,10.49,broken clouds
686,Menongue,AO,-14.6585,17.691,63.84,94,100,4.38,overcast clouds
687,Chapleau,CA,47.8405,-83.4034,19.4,93,90,3.65,mist
688,Gayny,RU,60.3071,54.3241,6.85,95,70,3.69,broken clouds
689,Save,BJ,8.0425,2.486,92.07,27,0,7.94,clear sky
690,Shimoda,JP,34.6667,138.95,28.0,64,0,3.0,clear sky
691,Debre Sina,ET,9.85,39.7667,48.52,60,62,2.24,broken clouds
692,Innisfail,AU,-17.5333,146.0333,74.73,90,47,5.01,scattered clouds
693,Xiuyan,CN,40.2928,123.2744,8.02,83,100,1.59,overcast clouds
694,Nioro,GM,13.35,-15.75,86.77,23,0,8.81,clear sky
695,Parry Sound,CA,45.3501,-80.033,28.4,59,100,6.06,overcast clouds
696,Izumo,JP,35.3667,132.7667,30.2,93,75,11.5,snow
697,Opportunity,US,47.6499,-117.2399,37.99,87,90,0.27,overcast clouds
698,Valparaiso,CL,-33.0393,-71.6273,71.6,46,0,10.36,clear sky
699,Antofagasta,CL,-23.65,-70.4,73.0,68,20,16.11,few clouds
700,Derazhnya,UA,49.2692,27.4338,32.04,90,99,9.1,overcast clouds
701,Ahipara,NZ,-35.1667,173.1667,65.12,85,96,5.68,overcast clouds
